batch_id,upload_exists,developed_exists,raw_number,jpg_number,metadata_exists,metadata_json_number
MD-2024-04-11/,0,1,0,200,0,0
MD_2022-06-13/,0,1,0,39,0,0
MD_2022-06-21/,0,1,0,267,0,0
MD_2022-06-22/,0,1,0,500,0,0
MD_2022-06-24/,0,1,0,414,1,414
MD_2022-06-27/,0,1,0,179,1,179
MD_2022-06-28/,0,1,0,491,1,491
MD_2022-06-29/,0,1,0,633,1,633
MD_2022-07-01/,0,1,0,433,1,433
MD_2022-07-05/,0,1,0,288,1,288
MD_2022-07-06/,0,1,0,588,1,588
MD_2022-07-08/,0,1,0,296,1,296
MD_2022-07-15/,0,1,0,479,1,479
MD_2022-07-18/,0,1,0,447,1,447
MD_2022-07-20/,0,1,0,461,1,461
MD_2022-07-22/,0,1,0,461,1,461
MD_2022-07-28/,0,1,0,459,1,444
MD_2022-08-01/,0,1,0,115,1,115
MD_2022-08-03/,0,1,0,152,1,152
MD_2022-08-04/,0,1,0,478,1,478
MD_2022-08-05/,0,1,0,471,1,471
MD_2022-08-08/,0,1,0,531,1,523
MD_2022-08-09/,0,1,0,502,1,502
MD_2022-08-10/,0,1,0,417,1,413
MD_2022-08-12/,0,1,0,521,1,514
MD_2022-08-15/,0,1,0,531,1,531
MD_2022-08-17/,0,1,0,552,1,542
MD_2022-08-24/,0,1,0,536,1,533
MD_2022-08-26/,0,1,0,528,1,528
MD_2022-08-29/,0,1,0,610,1,603
MD_2022-08-31/,0,1,0,518,1,518
MD_2022-09-08/,0,1,0,220,0,0
MD_2022-09-09/,0,1,0,232,1,232
MD_2022-09-12/,0,1,0,180,1,180
MD_2022-09-16/,0,1,0,224,1,224
MD_2022-09-17/,0,1,0,147,1,147
MD_2022-10-11/,0,1,0,120,1,118
MD_2022-10-20/,0,1,0,247,1,243
MD_2022-10-21/,0,1,0,212,1,212
MD_2022-10-25/,0,1,0,271,0,0
MD_2022-10-27/,0,1,0,212,1,212
MD_2022-10-31/,0,1,0,402,1,402
MD_2022-11-03/,0,1,0,260,1,256
MD_2022-11-04/,0,1,0,150,1,150
MD_2022-11-07/,0,1,0,511,1,510
MD_2022-11-10/,0,1,0,476,1,469
MD_2022-11-14/,0,1,0,268,1,268
MD_2022-11-15/,0,1,0,9,0,0
MD_2023-03-16/,0,1,0,91,1,91
MD_2023-03-17/,0,1,0,147,1,147
MD_2023-03-18/,0,1,0,136,1,136
MD_2023-03-20/,0,1,0,450,0,0
MD_2023-03-21/,0,1,0,398,1,398
MD_2023-03-28/,0,1,0,459,0,0
MD_2023-03-30/,0,1,0,163,1,163
MD_2023-04-03/,0,1,0,502,1,501
MD_2023-04-06/,0,1,0,447,0,0
MD_2023-04-11/,0,1,0,395,1,395
MD_2023-04-13/,0,1,0,378,1,378
MD_2023-04-18/,0,1,0,403,1,403
MD_2023-04-21/,0,1,0,448,1,448
MD_2023-04-24/,0,1,0,272,1,272
MD_2023-04-25/,0,1,0,206,1,162
MD_2023-05-12/,0,1,0,24,1,24
MD_2023-05-13/,0,1,0,212,1,212
MD_2023-05-15/,0,1,0,377,1,377
MD_2023-05-16/,0,1,0,318,1,318
MD_2023-05-17/,0,1,0,719,1,718
MD_2023-05-18/,0,1,0,18,0,0
MD_2023-05-19/,0,1,0,658,1,658
MD_2023-05-22/,0,1,0,461,1,461
MD_2023-05-23/,0,1,0,425,1,425
MD_2023-05-24/,0,1,0,227,1,227
MD_2023-05-25/,0,1,0,216,1,216
MD_2023-05-26/,0,1,0,507,0,0
MD_2023-05-30/,0,1,0,456,0,0
MD_2023-06-20/,0,1,0,433,1,433
MD_2023-06-26/,0,1,0,315,1,315
MD_2023-06-27/,0,1,0,349,0,0
MD_2023-06-28/,0,1,0,448,1,448
MD_2023-06-29/,0,1,0,444,1,444
MD_2023-06-30/,0,1,0,336,1,336
MD_2023-07-03/,0,1,0,453,0,0
MD_2023-07-05/,0,1,0,219,1,219
MD_2023-07-07/,0,1,0,279,0,0
MD_2023-07-17/,0,1,0,76,0,0
MD_2023-07-18/,0,1,0,108,0,0
MD_2023-07-19/,0,1,0,164,0,0
MD_2023-07-20/,0,1,0,201,1,201
MD_2023-07-21/,0,1,0,165,1,165
MD_2023-07-24/,0,1,0,220,1,220
MD_2023-07-25/,0,1,0,280,1,280
MD_2023-07-26/,0,1,0,338,0,0
MD_2023-07-27/,0,1,0,336,1,336
MD_2023-07-28/,0,1,0,339,1,178
MD_2023-07-31/,0,1,0,337,1,134
MD_2023-08-01/,0,1,0,373,1,155
MD_2023-08-02/,0,1,0,340,1,340
MD_2023-08-03/,0,1,0,348,1,348
MD_2023-08-04/,0,1,0,349,0,0
MD_2023-08-08/,0,1,0,325,0,0
MD_2023-08-09/,0,1,0,328,1,273
MD_2023-08-14/,0,1,0,336,0,0
MD_2023-08-15/,0,1,0,392,1,392
MD_2023-08-17/,0,1,0,336,1,336
MD_2023-08-18/,0,1,0,336,0,0
MD_2023-08-21/,0,1,0,215,0,0
MD_2023-08-22/,0,1,0,220,0,0
MD_2023-08-24/,0,1,0,273,0,0
MD_2023-08-28/,0,1,0,29,0,0
MD_2023-09-18/,0,1,0,464,1,464
MD_2023-09-20/,0,1,0,292,1,292
MD_2023-09-21/,0,1,0,460,1,460
MD_2023-09-27/,0,1,0,473,1,473
MD_2023-09-29/,0,1,0,464,1,464
MD_2023-10-10/,0,1,0,464,1,345
MD_2023-10-13/,0,1,0,460,1,460
MD_2023-10-17/,0,1,0,464,1,464
MD_2023-10-20/,0,1,0,407,1,404
MD_2023-10-27/,0,1,0,367,1,365
MD_2023-10-31/,0,1,0,222,1,222
MD_2024-03-20/,0,1,0,89,1,89
MD_2024-03-21/,0,1,0,199,1,199
MD_2024-03-26/,0,1,0,200,0,0
MD_2024-03-29/,0,1,0,200,1,200
MD_2024-04-09/,0,1,0,200,1,200
MD_2024-04-15/,0,1,0,209,1,203
MD_2024-04-22/,0,1,0,206,1,203
MD_2024-04-26/,0,1,0,206,1,206
MD_2024-05-01/,0,1,0,27,0,0
MD_2024-05-06/,0,1,0,200,1,200
MD_2024-05-14/,0,1,0,0,0,0
MD_2024-05-16/,0,1,0,109,0,0
MD_2024-07-08/,0,1,0,716,0,0
MD_2024-07-09/,0,1,0,770,0,0
MD_2024-07-11/,0,1,0,463,0,0
MD_2024-07-12/,0,1,0,303,0,0
MD_2024-07-15/,0,1,0,802,0,0
MD_2024-07-17/,0,1,0,611,0,0
MD_2024-07-23/,0,1,0,525,1,525
MD_2024-07-25/,0,1,0,781,1,781
MD_2024-07-26/,0,1,0,838,1,838
MD_2024-07-30/,0,1,0,567,1,567
MD_2024-08-05/,0,1,0,692,1,692
MD_2024-08-06/,0,1,0,940,1,940
MD_2024-08-12/,0,1,0,793,1,793
MD_2024-08-13/,0,1,0,749,0,0
MD_2024-08-16/,0,1,0,769,1,769
MD_2024-08-19/,0,1,0,793,0,0
MD_2024-08-20/,0,1,0,735,0,0
MD_2024-08-22/,0,1,0,767,0,0
MD_2024-08-26/,0,1,0,686,1,686
MD_2024-09-17/,0,1,0,179,0,0
MD_2024-09-18/,0,1,0,142,0,0
MD_2024-09-23/,0,1,0,185,0,0
MD_2024-10-15/,0,1,0,500,0,0
MD_2024-10-16/,0,1,0,674,1,674
MD_2024-10-17/,0,1,0,638,1,638
MD_2024-10-22/,0,1,0,700,1,700
MD_2024-10-23/,0,1,0,755,1,755
MD_2024-10-25/,0,1,0,483,1,483
MD_2024-10-28/,0,1,0,235,1,235
MD_2024-10-30/,0,1,0,685,1,685
MD_2024-11-04/,0,1,0,975,1,975
MD_2024-11-06/,0,1,0,782,1,782
MD_2024-11-08/,0,1,0,696,1,696
MD_2024-11-13/,0,1,0,714,1,714
MD_2024-11-15/,0,1,0,485,1,485
MD_2024-11-18/,0,1,0,438,1,438
MD_2025-04-08/,1,0,5,0,0,0
MD_2025-04-09/,1,0,34,0,0,0
MD_2025-04-10/,1,0,23,0,0,0
MD_2025-04-14/,1,1,284,284,0,0
MD_2025-04-16/,1,1,579,579,1,579
MD_2025-04-18/,1,1,588,588,1,588
MD_2025-04-21/,1,1,593,593,1,593
MD_2025-04-23/,1,1,590,590,1,590
MD_2025-04-25/,1,1,588,588,1,588
MD_2025-04-28/,1,1,588,588,1,588
MD_2025-04-29/,1,0,166,0,0,0
MD_2025-04-30/,1,1,928,600,1,600
MD_2025-05-02/,1,1,588,588,1,588
MD_2025-05-05/,1,1,531,531,1,531
MD_2025-05-07/,1,1,482,482,1,482
MD_2025-05-08/,1,1,501,501,1,501
MD_2025-05-12/,1,1,494,494,1,494
MD_2025-05-15/,1,1,964,964,1,485
MD_2025-05-16/,1,1,493,493,1,493
MD_2025-06-06/,1,0,192,0,0,0
MD_2025-06-09/,1,1,757,757,1,757
MD_2025-06-11/,1,1,755,755,1,755
MD_2025-06-13/,1,1,517,517,1,517
MD_2025-06-18/,1,1,216,216,1,216
MD_2025-06-20/,1,1,811,811,1,811
MD_2025-06-23/,1,1,744,744,1,744
MD_2025-06-25/,1,1,745,744,1,744
MD_2025-06-27/,1,1,744,744,1,744
MD_2025-06-30/,0,1,0,747,0,0
MD_2025-07-02/,1,1,751,751,1,751
MD_2025-07-08/,1,1,756,756,1,756
MD_2025-07-09/,1,1,685,685,1,685
MD_2025-07-11/,1,1,697,697,1,697
MD_2025-07-17/,1,1,699,699,1,699
MD_2025-07-21/,1,1,469,469,1,469
MD_2025-07-23/,1,1,480,480,1,480
MD_2025-07-25/,1,1,492,492,1,492
MD_2025-07-28/,1,1,502,502,1,502
MD_2025-08-26/,1,0,300,0,0,0
MD_2025-09-05/,1,1,324,111,1,111
MD_2025-09-09/,1,1,288,226,1,226
NC_2022-06-27/,0,1,0,397,1,397
NC_2022-06-28/,0,1,0,311,0,0
NC_2022-06-30/,0,1,0,618,1,618
NC_2022-07-05/,0,1,0,482,0,0
NC_2022-07-08/,0,1,0,64,1,62
NC_2022-07-11/,0,1,0,366,1,366
NC_2022-07-13/,0,1,0,293,1,291
NC_2022-07-14/,0,1,0,722,0,0
NC_2022-07-15/,0,1,0,686,0,0
NC_2022-07-18/,0,1,0,729,1,726
NC_2022-07-21/,0,1,0,465,1,465
NC_2022-07-22/,0,1,0,691,0,0
NC_2022-07-25/,0,1,0,760,0,0
NC_2022-07-27/,0,1,0,750,0,0
NC_2022-08-03/,0,1,0,692,1,577
NC_2022-08-05/,0,1,0,686,1,686
NC_2022-08-08/,0,1,0,659,1,658
NC_2022-08-09/,0,1,0,676,1,676
NC_2022-08-10/,0,1,0,597,1,596
NC_2022-08-15/,0,1,0,282,1,282
NC_2022-08-17/,0,1,0,656,1,656
NC_2022-08-18/,0,1,0,710,1,710
NC_2022-08-19/,0,1,0,703,1,703
NC_2022-08-22/,0,1,0,466,1,466
NC_2022-08-24/,0,1,0,477,1,477
NC_2022-08-26/,0,1,0,492,1,492
NC_2022-08-29/,0,1,0,481,1,481
NC_2022-08-30/,0,1,0,399,1,388
NC_2022-08-31/,0,1,0,472,1,472
NC_2022-09-01/,0,1,0,446,1,446
NC_2022-09-02/,0,1,0,451,1,451
NC_2022-09-07/,0,1,0,417,1,415
NC_2022-09-08/,0,1,0,465,1,462
NC_2022-09-09/,0,1,0,472,1,467
NC_2022-09-12/,0,1,0,464,1,464
NC_2022-09-14/,0,1,0,484,1,468
NC_2022-09-15/,0,1,0,451,1,451
NC_2022-09-19/,0,1,0,456,1,454
NC_2022-09-23/,0,1,0,473,1,473
NC_2022-10-11/,0,1,0,431,1,385
NC_2022-10-13/,0,1,0,469,1,467
NC_2022-10-17/,0,1,0,483,1,480
NC_2022-10-19/,0,1,0,520,1,513
NC_2022-10-21/,0,1,0,515,1,514
NC_2022-10-24/,0,1,0,472,1,470
NC_2022-10-26/,0,1,0,520,1,520
NC_2022-10-28/,0,1,0,515,0,0
NC_2022-10-31/,0,1,0,501,1,501
NC_2022-11-02/,0,1,0,511,1,511
NC_2022-11-04/,0,1,0,517,1,516
NC_2022-11-07/,0,1,0,365,0,0
NC_2022-11-09/,0,1,0,528,1,528
NC_2022-11-14/,0,1,0,511,0,0
NC_2022-11-16/,0,1,0,512,0,0
NC_2022-11-18/,0,1,0,513,0,0
NC_2022-11-21/,0,1,0,516,0,0
NC_2022-11-23/,0,1,0,505,0,0
NC_2022-11-28/,0,1,0,501,0,0
NC_2022-12-01/,0,1,0,513,0,0
NC_2022-12-08/,0,1,0,520,0,0
NC_2022-12-13/,0,1,0,524,0,0
NC_2022-12-16/,0,1,0,516,0,0
NC_2022-12-19/,0,1,0,511,0,0
NC_2022-12-21/,0,1,0,523,0,0
NC_2023-01-03/,0,1,0,345,0,0
NC_2023-01-05/,0,1,0,300,0,0
NC_2023-01-09/,0,1,0,300,0,0
NC_2023-01-11/,0,1,0,308,0,0
NC_2023-01-13/,0,1,0,298,1,298
NC_2023-01-18/,0,1,0,295,1,292
NC_2023-01-20/,0,1,0,288,0,0
NC_2023-01-23/,0,1,0,322,0,0
NC_2023-01-27/,0,1,0,302,0,0
NC_2023-01-30/,0,1,0,99,0,0
NC_2023-02-01/,0,1,0,305,0,0
NC_2023-02-03/,0,1,0,313,1,304
NC_2023-02-06/,0,1,0,294,1,271
NC_2023-02-08/,0,1,0,309,0,0
NC_2023-02-10/,0,1,0,102,0,0
NC_2023-02-20/,0,1,0,294,1,291
NC_2023-02-22/,0,1,0,334,1,333
NC_2023-02-24/,0,1,0,300,0,0
NC_2023-02-27/,0,1,0,300,0,0
NC_2023-03-01/,0,1,0,309,1,309
NC_2023-03-03/,0,1,0,233,1,233
NC_2023-03-07/,0,1,0,299,1,283
NC_2023-03-09/,0,1,0,297,1,297
NC_2023-03-13/,0,1,0,311,0,0
NC_2023-03-15/,0,1,0,303,1,303
NC_2023-03-17/,0,1,0,305,0,0
NC_2023-03-20/,0,1,0,303,0,0
NC_2023-03-21/,0,1,0,306,0,0
NC_2023-03-22/,0,1,0,155,0,0
NC_2023-03-23/,0,1,0,300,0,0
NC_2023-03-24/,0,1,0,313,0,0
NC_2023-03-27/,0,1,0,304,0,0
NC_2023-03-28/,0,1,0,305,0,0
NC_2023-03-29/,0,1,0,323,0,0
NC_2023-03-30/,0,1,0,303,0,0
NC_2023-06-06/,0,1,0,334,0,0
NC_2023-06-07/,0,1,0,246,0,0
NC_2023-06-08/,0,1,0,106,0,0
NC_2023-06-09/,0,1,0,629,0,0
NC_2023-06-12/,0,1,0,673,1,673
NC_2023-06-13/,0,1,0,692,0,0
NC_2023-06-14/,0,1,0,638,0,0
NC_2023-06-15/,0,1,0,613,0,0
NC_2023-06-16/,0,1,0,608,0,0
NC_2023-06-19/,0,1,0,640,0,0
NC_2023-06-20/,0,1,0,79,0,0
NC_2023-06-23/,0,1,0,621,0,0
NC_2023-06-26/,0,1,0,644,0,0
NC_2023-06-27/,0,1,0,645,0,0
NC_2023-06-28/,0,1,0,609,0,0
NC_2023-06-29/,0,1,0,633,0,0
NC_2023-07-03/,0,1,0,626,1,626
NC_2023-07-05/,0,1,0,631,0,0
NC_2023-07-06/,0,1,0,621,1,621
NC_2023-07-07/,0,1,0,620,0,0
NC_2023-07-10/,0,1,0,31,1,31
NC_2023-07-11/,0,1,0,579,1,579
NC_2023-07-12/,0,1,0,648,0,0
NC_2023-07-17/,0,1,0,651,0,0
NC_2023-07-20/,0,1,0,648,1,400
NC_2023-07-21/,0,1,0,655,1,653
NC_2023-07-24/,0,1,0,651,0,0
NC_2023-07-25/,0,1,0,647,0,0
NC_2023-08-21/,0,1,0,513,0,0
NC_2023-08-22/,0,1,0,641,0,0
NC_2023-08-23/,0,1,0,596,0,0
NC_2023-08-24/,0,1,0,708,0,0
NC_2023-08-25/,0,1,0,590,0,0
NC_2023-08-28/,0,1,0,655,0,0
NC_2023-08-29/,0,1,0,634,0,0
NC_2023-08-30/,0,1,0,651,0,0
NC_2023-08-31/,0,1,0,659,0,0
NC_2023-09-01/,0,1,0,638,0,0
NC_2023-09-05/,0,1,0,638,0,0
NC_2023-09-06/,0,1,0,633,0,0
NC_2023-09-07/,0,1,0,654,0,0
NC_2023-09-08/,0,1,0,645,0,0
NC_2023-09-12/,0,1,0,611,0,0
NC_2023-09-13/,0,1,0,651,0,0
NC_2023-09-14/,0,1,0,737,0,0
NC_2023-09-15/,0,1,0,632,0,0
NC_2023-09-18/,0,1,0,648,0,0
NC_2023-09-19/,0,1,0,655,0,0
NC_2023-09-20/,0,1,0,645,0,0
NC_2023-09-21/,0,1,0,64,0,0
NC_2023-09-22/,0,1,0,667,0,0
NC_2023-09-25/,0,1,0,656,0,0
NC_2023-10-02/,0,1,0,421,0,0
NC_2023-10-03/,0,1,0,837,0,0
NC_2023-10-04/,0,1,0,756,0,0
NC_2023-10-05/,0,1,0,665,0,0
NC_2023-10-06/,0,1,0,655,0,0
NC_2023-10-09/,0,1,0,840,0,0
NC_2023-10-10/,0,1,0,446,0,0
NC_2023-10-12/,0,1,0,96,0,0
NC_2023-10-13/,0,1,0,99,0,0
NC_2023-10-16/,0,1,0,43,0,0
NC_2023-10-17/,0,1,0,135,0,0
NC_2023-10-19/,0,1,0,503,0,0
NC_2023-10-20/,0,1,0,263,0,0
NC_2023-10-23/,0,1,0,648,0,0
NC_2023-10-24/,0,1,0,734,0,0
NC_2023-10-25/,0,1,0,699,0,0
NC_2023-10-26/,0,1,0,700,0,0
NC_2023-10-27/,0,1,0,489,0,0
NC_2023-10-30/,0,1,0,687,0,0
NC_2023-10-31/,0,1,0,97,0,0
NC_2023-11-01/,0,1,0,572,0,0
NC_2023-11-06/,0,1,0,636,0,0
NC_2023-11-07/,0,1,0,556,0,0
NC_2023-11-08/,0,1,0,677,0,0
NC_2023-11-09/,0,1,0,631,0,0
NC_2023-11-10/,0,1,0,321,0,0
NC_2023-11-13/,0,1,0,621,0,0
NC_2023-11-14/,0,1,0,597,0,0
NC_2023-11-15/,0,1,0,552,0,0
NC_2023-11-16/,0,1,0,503,0,0
NC_2023-11-17/,0,1,0,533,0,0
NC_2023-11-27/,0,1,0,615,1,614
NC_2023-11-28/,0,1,0,627,0,0
NC_2023-11-29/,0,1,0,685,0,0
NC_2023-11-30/,0,1,0,691,0,0
NC_2023-12-04/,0,1,0,704,0,0
NC_2023-12-13/,0,1,0,623,0,0
NC_2023-12-14/,0,1,0,453,0,0
NC_2023-12-15/,0,1,0,673,0,0
NC_2023-12-18/,0,1,0,674,0,0
NC_2023-12-19/,0,1,0,687,0,0
NC_2023-12-20/,0,1,0,230,0,0
NC_2023-12-21/,0,1,0,489,1,467
NC_2024-01-03/,0,1,0,671,1,609
NC_2024-01-04/,0,1,0,442,1,282
NC_2024-01-05/,0,1,0,653,1,349
NC_2024-01-08/,0,1,0,626,1,605
NC_2024-01-10/,0,1,0,653,0,0
NC_2024-01-11/,0,1,0,654,1,600
NC_2024-01-12/,0,1,0,652,1,393
NC_2024-01-17/,0,1,0,492,0,0
NC_2024-01-18/,0,1,0,643,1,627
NC_2024-01-19/,0,1,0,640,0,0
NC_2024-01-22/,0,1,0,645,1,335
NC_2024-01-23/,0,1,0,224,1,213
NC_2024-01-26/,0,1,0,295,0,0
NC_2024-01-29/,0,1,0,625,0,0
NC_2024-02-01/,0,1,0,530,0,0
NC_2024-02-02/,0,1,0,685,0,0
NC_2024-02-05/,0,1,0,668,0,0
NC_2024-02-06/,0,1,0,616,0,0
NC_2024-02-07/,0,1,0,671,0,0
NC_2024-02-08/,0,1,0,518,0,0
NC_2024-02-09/,0,1,0,684,0,0
NC_2024-02-13/,0,1,0,534,0,0
NC_2024-02-14/,0,1,0,657,0,0
NC_2024-02-15/,0,1,0,452,0,0
NC_2024-02-20/,0,1,0,660,0,0
NC_2024-02-21/,0,1,0,672,0,0
NC_2024-02-22/,0,1,0,641,0,0
NC_2024-02-26/,0,1,0,671,0,0
NC_2024-02-27/,0,1,0,229,0,0
NC_2024-02-28/,0,1,0,639,0,0
NC_2024-02-29/,0,1,0,696,0,0
NC_2024-03-01/,0,1,0,466,0,0
NC_2024-03-04/,0,1,0,624,0,0
NC_2024-03-07/,0,1,0,673,0,0
NC_2024-03-08/,0,1,0,650,0,0
NC_2024-03-12/,0,1,0,619,0,0
NC_2024-03-13/,0,1,0,639,0,0
NC_2024-03-14/,0,1,0,668,0,0
NC_2024-07-09/,0,1,0,795,0,0
NC_2024-07-10/,0,1,0,1046,0,0
NC_2024-07-11/,0,1,0,680,0,0
NC_2024-07-15/,0,1,0,744,0,0
NC_2024-07-16/,0,1,0,752,0,0
NC_2024-07-17/,0,1,0,523,0,0
NC_2024-07-18/,0,1,0,361,0,0
NC_2024-07-22/,0,1,0,362,0,0
NC_2024-07-23/,0,1,0,457,0,0
NC_2024-07-30/,0,1,0,343,0,0
NC_2024-07-31/,0,1,0,421,0,0
NC_2024-08-02/,0,1,0,496,0,0
NC_2024-08-05/,0,1,0,262,0,0
NC_2024-12-02/,1,1,597,597,1,597
NC_2024-12-04/,1,1,570,570,1,570
NC_2024-12-06/,1,1,571,571,1,571
NC_2024-12-10/,0,1,0,428,0,0
NC_2024-12-12/,1,1,627,625,1,625
NC_2024-12-16/,1,1,566,566,1,566
NC_2025-01-28/,0,1,0,567,0,0
NC_2025-02-03/,0,1,0,587,1,587
NC_2025-02-05/,0,1,0,574,1,574
NC_2025-02-07/,0,1,0,574,1,574
NC_2025-02-14/,0,1,0,574,1,574
NC_2025-02-17/,0,1,0,588,1,588
NC_2025-02-21/,0,1,0,572,1,572
NC_2025-02-24/,0,1,0,602,1,602
NC_2025-02-26/,0,1,0,587,1,587
NC_2025-02-28/,0,1,0,670,1,670
NC_2025-03-03/,0,1,0,574,1,574
NC_2025-03-06/,0,1,0,533,1,533
NC_2025-03-07/,0,1,0,574,1,574
NC_2025-03-10/,0,1,0,498,1,498
NC_2025-03-12/,0,1,0,577,1,577
NC_2025-03-14/,0,1,0,576,1,576
NC_2025-03-17/,0,1,0,573,1,573
NC_2025-03-19/,0,1,0,573,1,573
NC_2025-03-21/,0,1,0,572,1,572
NC_2025-03-26/,0,1,0,609,1,609
NC_2025-03-28/,0,1,0,573,1,573
NC_2025-03-31/,0,1,0,573,1,573
NC_2025-04-02/,0,1,0,573,1,573
NC_2025-04-04/,0,1,0,571,1,571
NC_2025-06-06/,1,1,466,466,1,429
NC_2025-06-09/,1,1,500,500,1,484
NC_2025-06-11/,1,1,512,512,1,482
NC_2025-06-13/,1,1,474,474,1,455
NC_2025-06-16/,1,1,498,498,1,485
NC_2025-06-18/,1,1,500,499,1,477
NC_2025-06-20/,1,1,988,988,1,932
NC_2025-06-30/,1,1,1018,1003,1,963
NC_2025-07-02/,1,1,483,483,1,463
NC_2025-07-07/,1,1,483,483,1,465
NC_2025-07-09/,1,1,486,486,1,470
NC_2025-07-14/,1,1,3,3,1,3
NC_2025-07-16/,1,1,482,482,1,482
NC_2025-07-22/,1,1,482,482,1,467
NC_2025-07-23/,1,1,482,482,1,463
NC_2025-07-25/,1,1,481,481,1,440
NC_2025-07-28/,1,1,482,482,1,448
NC_2025-07-30/,1,1,484,484,1,449
NC_2025-08-01/,1,1,484,484,1,414
NC_2025-08-04/,1,1,482,482,1,433
NC_2025-08-08/,1,1,481,481,1,448
NC_2025-08-19/,0,1,0,221,0,0
NC_2025-08-20/,0,1,0,400,0,0
NC_2025-08-21/,1,1,71,71,1,51
NC_2025-08-22/,1,1,58,58,1,53
NC_2025-08-25/,0,1,0,101,1,101
NC_2025-08-26/,1,1,102,100,1,100
NC_2025-08-27/,1,1,111,110,1,110
NC_2025-08-28/,1,1,102,100,1,99
NC_2025-08-29/,1,1,193,113,1,113
NC_2025-09-03/,1,1,137,101,1,99
NC_2025-09-05/,1,1,110,100,1,99
NC_2025-09-08/,1,1,103,103,1,102
NC_2025-09-12/,1,1,32,20,1,20
NC_2025-09-15/,1,1,23,20,1,19
NC_2025-09-17/,0,1,0,20,1,19
NC_2025-09-19/,0,1,0,50,1,49
TX_2022-10-25/,0,1,0,187,0,0
TX_2022-11-02/,0,1,0,496,1,492
TX_2022-11-03/,0,1,0,499,1,499
TX_2022-11-09/,0,1,0,32,1,32
TX_2022-11-15/,0,1,0,492,1,492
TX_2022-11-17/,0,1,0,440,1,436
TX_2022-12-01/,0,1,0,334,1,333
TX_2022-12-06/,0,1,0,544,1,543
TX_2022-12-07/,0,1,0,484,1,439
TX_2022-12-09/,0,1,0,485,0,0
TX_2022-12-15/,0,1,0,288,1,287
TX_2022-12-21/,0,1,0,427,1,427
TX_2022-12-22/,0,1,0,118,1,107
TX_2022-12-26/,0,1,0,93,1,92
TX_2023-01-06/,0,1,0,452,1,452
TX_2023-01-10/,0,1,0,460,1,460
TX_2023-01-13/,0,1,0,522,1,519
TX_2023-01-19/,0,1,0,551,1,549
TX_2023-01-25/,0,1,0,376,1,373
TX_2023-01-26/,0,1,0,250,1,247
TX_2023-02-17/,0,1,0,504,1,503
TX_2023-02-22/,0,1,0,330,1,302
TX_2023-03-03/,0,1,0,518,1,515
TX_2023-03-15/,0,1,0,547,1,547
TX_2023-03-17/,0,1,0,514,1,514
TX_2023-03-22/,0,1,0,534,1,526
TX_2023-03-23/,0,1,0,299,1,295
TX_2023-03-29/,0,1,0,542,0,0
TX_2023-04-04/,0,1,0,530,0,0
TX_2023-04-17/,0,1,0,565,0,0
TX_2023-04-18/,0,1,0,382,0,0
TX_2023-04-28/,0,1,0,477,0,0
TX_2023-05-08/,0,1,0,240,1,240
TX_2023-05-10/,0,1,0,243,1,243
TX_2023-05-12/,0,1,0,248,1,248
TX_2023-05-16/,0,1,0,252,0,0
TX_2023-05-17/,0,1,0,256,1,256
TX_2023-05-20/,0,1,0,252,1,252
TX_2023-05-22/,0,1,0,255,1,255
TX_2023-05-23/,0,1,0,256,1,256
TX_2023-05-26/,0,1,0,297,1,297
TX_2023-06-05/,0,1,0,499,0,0
TX_2023-06-06/,0,1,0,470,1,470
TX_2023-06-07/,0,1,0,512,1,512
TX_2023-06-08/,0,1,0,550,1,550
TX_2023-06-09/,0,1,0,453,0,0
TX_2023-06-12/,0,1,0,517,1,517
TX_2023-06-13/,0,1,0,514,1,514
TX_2023-06-14/,0,1,0,240,1,240
TX_2023-06-16/,0,1,0,500,0,0
TX_2023-06-21/,0,1,0,513,1,513
TX_2023-06-23/,0,1,0,499,1,499
TX_2023-06-27/,0,1,0,473,1,473
TX_2023-06-30/,0,1,0,464,1,464
TX_2023-07-03/,0,1,0,138,1,133
TX_2023-07-11/,0,1,0,268,1,268
TX_2023-07-13/,0,1,0,453,1,453
TX_2023-07-18/,0,1,0,169,1,129
TX_2023-07-20/,0,1,0,240,1,240
TX_2023-07-21/,0,1,0,476,1,476
TX_2023-07-25/,0,1,0,468,1,468
TX_2023-07-27/,0,1,0,475,1,475
TX_2023-08-14/,0,1,0,496,1,496
TX_2023-08-16/,0,1,0,168,1,168
TX_2023-08-17/,0,1,0,209,1,208
TX_2023-08-23/,0,1,0,454,1,454
TX_2023-08-25/,0,1,0,463,1,463
TX_2023-08-31/,0,1,0,329,0,0
TX_2023-09-05/,0,1,0,345,1,345
TX_2023-09-09/,0,1,0,125,1,118
TX_2023-09-11/,0,1,0,400,1,398
TX_2023-09-13/,0,1,0,279,1,267
TX_2023-09-20/,0,1,0,355,1,355
TX_2023-09-23/,0,1,0,282,0,0
TX_2023-09-26/,0,1,0,328,1,328
TX_2023-09-29/,0,1,0,238,1,238
TX_2023-10-03/,0,1,0,190,1,87
TX_2023-10-07/,0,1,0,275,1,273
TX_2023-10-12/,0,1,0,304,1,304
TX_2023-10-23/,0,1,0,84,1,84
TX_2023-10-24/,0,1,0,80,1,80
TX_2023-10-28/,0,1,0,518,1,518
TX_2023-11-02/,0,1,0,497,1,497
TX_2023-11-03/,0,1,0,488,1,488
TX_2023-11-07/,0,1,0,352,1,352
TX_2023-11-14/,0,1,0,359,1,359
TX_2023-11-17/,0,1,0,505,1,505
TX_2023-11-21/,0,1,0,244,1,244
TX_2023-11-28/,0,1,0,502,1,502
TX_2023-12-07/,0,1,0,498,1,498
TX_2023-12-12/,0,1,0,508,1,508
TX_2023-12-15/,0,1,0,5,0,0
TX_2023-12-20/,0,1,0,96,0,0
TX_2024-01-03/,0,1,0,379,0,0
TX_2024-01-09/,0,1,0,426,0,0
TX_2024-01-30/,0,1,0,512,0,0
TX_2024-02-01/,0,1,0,414,0,0
TX_2024-02-06/,0,1,0,505,0,0
TX_2024-02-13/,0,1,0,479,0,0
TX_2024-02-20/,0,1,0,39,0,0
TX_2024-02-27/,0,1,0,263,0,0
TX_2024-03-01/,0,1,0,76,0,0
TX_2024-03-26/,0,1,0,54,1,54
TX_2024-03-28/,0,1,0,39,1,39
TX_2024-04-02/,0,1,0,271,1,271
TX_2024-04-04/,0,1,0,291,1,291
TX_2024-04-08/,0,1,0,314,1,314
TX_2024-04-12/,0,1,0,387,1,387
TX_2024-04-15/,0,1,0,369,1,369
TX_2024-04-22/,0,1,0,300,0,0
TX_2024-05-04/,1,1,0,411,1,411
TX_2024-05-07/,1,1,0,471,1,471
TX_2024-05-10/,1,1,0,483,1,483
TX_2024-05-14/,1,1,0,503,1,503
TX_2024-05-17/,1,1,0,472,1,472
TX_2024-05-20/,1,1,0,437,1,437
TX_2024-05-24/,1,1,0,202,1,202
TX_2024-05-28/,1,1,0,99,1,99
TX_2024-06-06/,1,1,0,267,1,267
TX_2024-06-10/,1,1,0,365,1,365
TX_2024-06-15/,1,1,0,343,1,343
TX_2024-06-17/,1,1,0,355,1,355
TX_2024-06-24/,1,1,0,366,1,366
TX_2024-07-03/,1,1,0,244,1,244
TX_2024-07-06/,0,1,0,348,1,348
TX_2024-07-15/,1,1,0,314,1,314
TX_2024-07-17/,1,1,0,355,1,355
TX_2024-07-24/,0,1,0,276,0,0
TX_2024-07-29/,1,1,0,214,1,214
TX_2024-08-03/,1,1,0,214,1,214
TX_2024-08-07/,1,1,0,175,1,175
TX_2024-08-17/,1,1,0,224,1,224
TX_2024-10-01/,0,1,0,376,0,0
TX_2025-06-09/,0,1,0,658,1,658
TX_2025-06-11/,1,1,655,655,1,655
TX_2025-06-13/,1,1,674,674,1,674
TX_2025-06-16/,1,1,255,255,1,255
TX_2025-06-20/,1,1,671,671,1,671
TX_2025-06-23/,1,1,696,696,1,696
TX_2025-06-27/,1,1,652,652,1,652
TX_2025-06-30/,0,1,0,685,0,0
TX_2025-07-02/,1,1,542,542,1,542
TX_2025-07-07/,1,1,650,650,1,650
TX_2025-07-11/,1,1,646,646,1,646
TX_2025-07-16/,1,1,652,652,1,652
TX_2025-07-18/,1,1,651,651,1,651
TX_2025-07-21/,1,1,652,652,1,652
TX_2025-07-23/,1,1,652,652,1,652
